<?xml version="1.0" encoding="UTF-8" standalone="yes"?>
<Content>
        
    <Views>
                
        <ViewDef id="3fa9f05a-0c77-4ee7-9ffc-07fe11e2073e">
                        
            <Title>VMignite.com - Text Above Windows 2016 (winchk)</Title>
                        
            <Description/>
                        
            <Usage>dashboard</Usage>
                        
            <Usage>report</Usage>
                        
            <Usage>content</Usage>
                        
            <Controls>
                                
                <Control id="time-interval-selector_id_1199" type="time-interval-selector" visible="false">
                                        
                    <Property name="advancedTimeMode" value="false"/>
                                        
                    <Property name="unit" value="DAYS"/>
                                        
                    <Property name="count" value="7"/>
                                    
                </Control>
                            
            </Controls>
                        
            <Presentation type="text">
                                
                <Properties>
                                        
                    <Property name="text" value="&lt;font style=&quot;background-color: rgb(0, 0, 0);&quot; size=&quot;6&quot; color=&quot;#00ffff&quot;&gt;&lt;span style=&quot;background-color: rgb(51, 153, 102);&quot;&gt;&lt;b&gt;&lt;font color=&quot;000000&quot;&gt;&amp;nbsp;Windows Server 2016 and above&lt;/font&gt;&amp;nbsp;&lt;/b&gt; &lt;/span&gt;&lt;br&gt;&lt;/font&gt;"/>
                                    
                </Properties>
                            
            </Presentation>
                    
        </ViewDef>
                
        <ViewDef id="7bc5c9eb-6fd2-450d-9770-55516b2e756c">
                        
            <Title>VMignite.com - VMs &lt; Windows 2012 (winchk)</Title>
                        
            <Description/>
                        
            <SubjectType adapterKind="VMWARE" filter="[[{&quot;condition&quot;:&quot;NOT_CONTAINS&quot;,&quot;transform&quot;:&quot;CURRENT&quot;,&quot;metricKey&quot;:&quot;config|guestFullName&quot;,&quot;metricValue&quot;:{&quot;isStringMetric&quot;:true,&quot;value&quot;:&quot;Microsoft Windows Server 2016 &quot;},&quot;filterType&quot;:&quot;properties&quot;},{&quot;condition&quot;:&quot;CONTAINS&quot;,&quot;transform&quot;:&quot;CURRENT&quot;,&quot;metricKey&quot;:&quot;config|guestFullName&quot;,&quot;metricValue&quot;:{&quot;isStringMetric&quot;:true,&quot;value&quot;:&quot;Microsoft Windows Server&quot;},&quot;filterType&quot;:&quot;properties&quot;},{&quot;condition&quot;:&quot;NOT_CONTAINS&quot;,&quot;transform&quot;:&quot;CURRENT&quot;,&quot;metricKey&quot;:&quot;config|guestFullName&quot;,&quot;metricValue&quot;:{&quot;isStringMetric&quot;:true,&quot;value&quot;:&quot;Microsoft Windows Server 2019&quot;},&quot;filterType&quot;:&quot;properties&quot;},{&quot;condition&quot;:&quot;NOT_CONTAINS&quot;,&quot;transform&quot;:&quot;CURRENT&quot;,&quot;metricKey&quot;:&quot;config|guestFullName&quot;,&quot;metricValue&quot;:{&quot;isStringMetric&quot;:true,&quot;value&quot;:&quot;Microsoft Windows Server 202&quot;},&quot;filterType&quot;:&quot;properties&quot;}]]" resourceKind="VirtualMachine" type="descendant"/>
                        
            <SubjectType adapterKind="VMWARE" filter="[[{&quot;condition&quot;:&quot;NOT_CONTAINS&quot;,&quot;transform&quot;:&quot;CURRENT&quot;,&quot;metricKey&quot;:&quot;config|guestFullName&quot;,&quot;metricValue&quot;:{&quot;isStringMetric&quot;:true,&quot;value&quot;:&quot;Microsoft Windows Server 2016 &quot;},&quot;filterType&quot;:&quot;properties&quot;},{&quot;condition&quot;:&quot;CONTAINS&quot;,&quot;transform&quot;:&quot;CURRENT&quot;,&quot;metricKey&quot;:&quot;config|guestFullName&quot;,&quot;metricValue&quot;:{&quot;isStringMetric&quot;:true,&quot;value&quot;:&quot;Microsoft Windows Server&quot;},&quot;filterType&quot;:&quot;properties&quot;},{&quot;condition&quot;:&quot;NOT_CONTAINS&quot;,&quot;transform&quot;:&quot;CURRENT&quot;,&quot;metricKey&quot;:&quot;config|guestFullName&quot;,&quot;metricValue&quot;:{&quot;isStringMetric&quot;:true,&quot;value&quot;:&quot;Microsoft Windows Server 2019&quot;},&quot;filterType&quot;:&quot;properties&quot;},{&quot;condition&quot;:&quot;NOT_CONTAINS&quot;,&quot;transform&quot;:&quot;CURRENT&quot;,&quot;metricKey&quot;:&quot;config|guestFullName&quot;,&quot;metricValue&quot;:{&quot;isStringMetric&quot;:true,&quot;value&quot;:&quot;Microsoft Windows Server 202&quot;},&quot;filterType&quot;:&quot;properties&quot;}]]" resourceKind="VirtualMachine" type="self"/>
                        
            <Usage>dashboard</Usage>
                        
            <Usage>report</Usage>
                        
            <Usage>details</Usage>
                        
            <Usage>content</Usage>
                        
            <Controls>
                                
                <Control id="time-interval-selector_id_1219" type="time-interval-selector" visible="false">
                                        
                    <Property name="advancedTimeMode" value="false"/>
                                        
                    <Property name="unit" value="DAYS"/>
                                        
                    <Property name="count" value="7"/>
                                    
                </Control>
                                
                <Control id="attributes-selector_id_1220" type="attributes-selector" visible="false">
                                        
                    <Property name="attributeInfos">
                                                
                        <List>
                                                        
                            <Item>
                                
                                <Value>
                                        
                                    <Property name="objectType" value="RESOURCE"/>
                                        
                                    <Property name="attributeKey" value="summary|runtime|powerState"/>
                                        
                                    <Property name="id" value="extModel10095-9"/>
                                        
                                    <Property name="isStringAttribute" value="true"/>
                                        
                                    <Property name="adapterKind" value="VMWARE"/>
                                        
                                    <Property name="resourceKind" value="VirtualMachine"/>
                                        
                                    <Property name="rollUpType" value="AVG"/>
                                        
                                    <Property name="rollUpCount" value="0"/>
                                        
                                    <Property name="transformations">
                                                
                                        <List>
                                                        
                                            <Item value="CURRENT"/>
                                                    
                                        </List>
                                            
                                    </Property>
                                        
                                    <Property name="sortCriteria" value="false"/>
                                        
                                    <Property name="isProperty" value="true"/>
                                        
                                    <Property name="yellowBound" value="Powered Off"/>
                                        
                                    <Property name="orangeBound" value="Powered Off"/>
                                        
                                    <Property name="redBound" value="Powered Off"/>
                                        
                                    <Property name="ascendingRange" value="true"/>
                                        
                                    <Property name="displayName" value="Power State"/>
                                        
                                    <Property name="addTimestampAsColumn" value="false"/>
                                        
                                    <Property name="isShowRelativeTimestamp" value="false"/>
                                    
                                </Value>
                                                            
                            </Item>
                                                        
                            <Item>
                                
                                <Value>
                                        
                                    <Property name="objectType" value="RESOURCE"/>
                                        
                                    <Property name="attributeKey" value="config|guestFullName"/>
                                        
                                    <Property name="id" value="extModel11431-7"/>
                                        
                                    <Property name="isStringAttribute" value="true"/>
                                        
                                    <Property name="adapterKind" value="VMWARE"/>
                                        
                                    <Property name="resourceKind" value="VirtualMachine"/>
                                        
                                    <Property name="rollUpCount" value="0"/>
                                        
                                    <Property name="transformations">
                                                
                                        <List>
                                                        
                                            <Item value="CURRENT"/>
                                                    
                                        </List>
                                            
                                    </Property>
                                        
                                    <Property name="sortCriteria" value="true"/>
                                        
                                    <Property name="isProperty" value="true"/>
                                        
                                    <Property name="displayName" value="Operating System"/>
                                        
                                    <Property name="addTimestampAsColumn" value="false"/>
                                        
                                    <Property name="isShowRelativeTimestamp" value="false"/>
                                    
                                </Value>
                                                            
                            </Item>
                                                        
                            <Item>
                                
                                <Value>
                                        
                                    <Property name="objectType" value="RESOURCE"/>
                                        
                                    <Property name="attributeKey" value="net:4000|ip_address"/>
                                        
                                    <Property name="id" value="extModel8300-1"/>
                                        
                                    <Property name="isStringAttribute" value="true"/>
                                        
                                    <Property name="adapterKind" value="VMWARE"/>
                                        
                                    <Property name="resourceKind" value="VirtualMachine"/>
                                        
                                    <Property name="rollUpCount" value="0"/>
                                        
                                    <Property name="transformations">
                                                
                                        <List>
                                                        
                                            <Item value="CURRENT"/>
                                                    
                                        </List>
                                            
                                    </Property>
                                        
                                    <Property name="isProperty" value="true"/>
                                        
                                    <Property name="displayName" value="IP Address"/>
                                        
                                    <Property name="addTimestampAsColumn" value="false"/>
                                        
                                    <Property name="isShowRelativeTimestamp" value="false"/>
                                    
                                </Value>
                                                            
                            </Item>
                                                        
                            <Item>
                                
                                <Value>
                                        
                                    <Property name="objectType" value="RESOURCE"/>
                                        
                                    <Property name="attributeKey" value="summary|parentCluster"/>
                                        
                                    <Property name="id" value="extModel8300-9"/>
                                        
                                    <Property name="isStringAttribute" value="true"/>
                                        
                                    <Property name="adapterKind" value="VMWARE"/>
                                        
                                    <Property name="resourceKind" value="VirtualMachine"/>
                                        
                                    <Property name="rollUpCount" value="0"/>
                                        
                                    <Property name="transformations">
                                                
                                        <List>
                                                        
                                            <Item value="CURRENT"/>
                                                    
                                        </List>
                                            
                                    </Property>
                                        
                                    <Property name="isProperty" value="true"/>
                                        
                                    <Property name="displayName" value="Cluster"/>
                                        
                                    <Property name="addTimestampAsColumn" value="false"/>
                                        
                                    <Property name="isShowRelativeTimestamp" value="false"/>
                                    
                                </Value>
                                                            
                            </Item>
                                                        
                            <Item>
                                
                                <Value>
                                        
                                    <Property name="objectType" value="RESOURCE"/>
                                        
                                    <Property name="attributeKey" value="summary|parentHost"/>
                                        
                                    <Property name="id" value="extModel11431-4"/>
                                        
                                    <Property name="isStringAttribute" value="true"/>
                                        
                                    <Property name="adapterKind" value="VMWARE"/>
                                        
                                    <Property name="resourceKind" value="VirtualMachine"/>
                                        
                                    <Property name="rollUpCount" value="0"/>
                                        
                                    <Property name="transformations">
                                                
                                        <List>
                                                        
                                            <Item value="CURRENT"/>
                                                    
                                        </List>
                                            
                                    </Property>
                                        
                                    <Property name="isProperty" value="true"/>
                                        
                                    <Property name="displayName" value="Hosts"/>
                                        
                                    <Property name="addTimestampAsColumn" value="false"/>
                                        
                                    <Property name="isShowRelativeTimestamp" value="false"/>
                                    
                                </Value>
                                                            
                            </Item>
                                                        
                            <Item>
                                
                                <Value>
                                        
                                    <Property name="objectType" value="RESOURCE"/>
                                        
                                    <Property name="attributeKey" value="cpu|corecount_provisioned"/>
                                        
                                    <Property name="id" value="extModel4787-1"/>
                                        
                                    <Property name="preferredUnitId" value="7004"/>
                                        
                                    <Property name="isStringAttribute" value="false"/>
                                        
                                    <Property name="adapterKind" value="VMWARE"/>
                                        
                                    <Property name="resourceKind" value="VirtualMachine"/>
                                        
                                    <Property name="rollUpType" value="NONE"/>
                                        
                                    <Property name="rollUpCount" value="0"/>
                                        
                                    <Property name="transformations">
                                                
                                        <List>
                                                        
                                            <Item value="CURRENT"/>
                                                    
                                        </List>
                                            
                                    </Property>
                                        
                                    <Property name="isProperty" value="false"/>
                                        
                                    <Property name="displayName" value="vCPU"/>
                                        
                                    <Property name="addTimestampAsColumn" value="false"/>
                                        
                                    <Property name="isShowRelativeTimestamp" value="false"/>
                                    
                                </Value>
                                                            
                            </Item>
                                                        
                            <Item>
                                
                                <Value>
                                        
                                    <Property name="objectType" value="RESOURCE"/>
                                        
                                    <Property name="attributeKey" value="mem|guest_provisioned"/>
                                        
                                    <Property name="id" value="extModel8300-4"/>
                                        
                                    <Property name="preferredUnitId" value="gb"/>
                                        
                                    <Property name="isStringAttribute" value="false"/>
                                        
                                    <Property name="adapterKind" value="VMWARE"/>
                                        
                                    <Property name="resourceKind" value="VirtualMachine"/>
                                        
                                    <Property name="rollUpType" value="NONE"/>
                                        
                                    <Property name="rollUpCount" value="0"/>
                                        
                                    <Property name="transformations">
                                                
                                        <List>
                                                        
                                            <Item value="CURRENT"/>
                                                    
                                        </List>
                                            
                                    </Property>
                                        
                                    <Property name="isProperty" value="false"/>
                                        
                                    <Property name="displayName" value="Total Memory"/>
                                        
                                    <Property name="addTimestampAsColumn" value="false"/>
                                        
                                    <Property name="isShowRelativeTimestamp" value="false"/>
                                    
                                </Value>
                                                            
                            </Item>
                                                        
                            <Item>
                                
                                <Value>
                                        
                                    <Property name="objectType" value="RESOURCE"/>
                                        
                                    <Property name="attributeKey" value="guestfilesystem|capacity_total"/>
                                        
                                    <Property name="id" value="extModel8300-5"/>
                                        
                                    <Property name="preferredUnitId" value="gb"/>
                                        
                                    <Property name="isStringAttribute" value="false"/>
                                        
                                    <Property name="adapterKind" value="VMWARE"/>
                                        
                                    <Property name="resourceKind" value="VirtualMachine"/>
                                        
                                    <Property name="rollUpType" value="NONE"/>
                                        
                                    <Property name="rollUpCount" value="0"/>
                                        
                                    <Property name="transformations">
                                                
                                        <List>
                                                        
                                            <Item value="CURRENT"/>
                                                    
                                        </List>
                                            
                                    </Property>
                                        
                                    <Property name="isProperty" value="false"/>
                                        
                                    <Property name="displayName" value="Total Disk"/>
                                    
                                </Value>
                                                            
                            </Item>
                                                        
                            <Item>
                                
                                <Value>
                                        
                                    <Property name="objectType" value="RESOURCE"/>
                                        
                                    <Property name="attributeKey" value="summary|datastore"/>
                                        
                                    <Property name="id" value="extModel11431-3"/>
                                        
                                    <Property name="isStringAttribute" value="true"/>
                                        
                                    <Property name="adapterKind" value="VMWARE"/>
                                        
                                    <Property name="resourceKind" value="VirtualMachine"/>
                                        
                                    <Property name="rollUpCount" value="0"/>
                                        
                                    <Property name="transformations">
                                                
                                        <List>
                                                        
                                            <Item value="CURRENT"/>
                                                    
                                        </List>
                                            
                                    </Property>
                                        
                                    <Property name="isProperty" value="true"/>
                                        
                                    <Property name="displayName" value="Datastore"/>
                                        
                                    <Property name="addTimestampAsColumn" value="false"/>
                                        
                                    <Property name="isShowRelativeTimestamp" value="false"/>
                                    
                                </Value>
                                                            
                            </Item>
                                                        
                            <Item>
                                
                                <Value>
                                        
                                    <Property name="objectType" value="RESOURCE"/>
                                        
                                    <Property name="attributeKey" value="summary|guest|toolsVersion"/>
                                        
                                    <Property name="id" value="extModel11431-5"/>
                                        
                                    <Property name="isStringAttribute" value="true"/>
                                        
                                    <Property name="adapterKind" value="VMWARE"/>
                                        
                                    <Property name="resourceKind" value="VirtualMachine"/>
                                        
                                    <Property name="rollUpCount" value="0"/>
                                        
                                    <Property name="transformations">
                                                
                                        <List>
                                                        
                                            <Item value="CURRENT"/>
                                                    
                                        </List>
                                            
                                    </Property>
                                        
                                    <Property name="isProperty" value="true"/>
                                        
                                    <Property name="displayName" value="VMTools Version"/>
                                        
                                    <Property name="addTimestampAsColumn" value="false"/>
                                        
                                    <Property name="isShowRelativeTimestamp" value="false"/>
                                    
                                </Value>
                                                            
                            </Item>
                                                        
                            <Item>
                                
                                <Value>
                                        
                                    <Property name="objectType" value="RESOURCE"/>
                                        
                                    <Property name="attributeKey" value="config|version"/>
                                        
                                    <Property name="id" value="extModel11431-6"/>
                                        
                                    <Property name="isStringAttribute" value="true"/>
                                        
                                    <Property name="adapterKind" value="VMWARE"/>
                                        
                                    <Property name="resourceKind" value="VirtualMachine"/>
                                        
                                    <Property name="rollUpCount" value="0"/>
                                        
                                    <Property name="transformations">
                                                
                                        <List>
                                                        
                                            <Item value="CURRENT"/>
                                                    
                                        </List>
                                            
                                    </Property>
                                        
                                    <Property name="isProperty" value="true"/>
                                        
                                    <Property name="displayName" value="VM Version"/>
                                        
                                    <Property name="addTimestampAsColumn" value="false"/>
                                        
                                    <Property name="isShowRelativeTimestamp" value="false"/>
                                    
                                </Value>
                                                            
                            </Item>
                                                    
                        </List>
                                            
                    </Property>
                                        
                    <Property name="summaryInfos">
                                                
                        <List>
                                                        
                            <Item>
                                
                                <Value>
                                        
                                    <Property name="displayName" value="Total"/>
                                        
                                    <Property name="aggregation" value="SUM"/>
                                        
                                    <Property name="attributeIndexes">
                                                
                                        <List>
                                                        
                                            <Item value="1"/>
                                                        
                                            <Item value="4"/>
                                                        
                                            <Item value="5"/>
                                                        
                                            <Item value="6"/>
                                                        
                                            <Item value="7"/>
                                                        
                                            <Item value="8"/>
                                                        
                                            <Item value="9"/>
                                                        
                                            <Item value="10"/>
                                                    
                                        </List>
                                            
                                    </Property>
                                    
                                </Value>
                                                            
                            </Item>
                                                        
                            <Item>
                                
                                <Value>
                                        
                                    <Property name="displayName" value="Average"/>
                                        
                                    <Property name="aggregation" value="AVG"/>
                                        
                                    <Property name="attributeIndexes">
                                                
                                        <List>
                                                        
                                            <Item value="1"/>
                                                        
                                            <Item value="4"/>
                                                        
                                            <Item value="5"/>
                                                        
                                            <Item value="6"/>
                                                        
                                            <Item value="7"/>
                                                        
                                            <Item value="8"/>
                                                        
                                            <Item value="9"/>
                                                        
                                            <Item value="10"/>
                                                    
                                        </List>
                                            
                                    </Property>
                                    
                                </Value>
                                                            
                            </Item>
                                                    
                        </List>
                                            
                    </Property>
                                    
                </Control>
                                
                <Control id="pagination-control_id_1221" type="pagination-control" visible="true">
                                        
                    <Property name="start" value="0"/>
                                        
                    <Property name="size" value="1000"/>
                                    
                </Control>
                                
                <Control id="metadata_id_1222" type="metadata" visible="false">
                                        
                    <Property name="maxPointsCount" value="5000"/>
                                        
                    <Property name="distributionColor" value="6870C4"/>
                                        
                    <Property name="hideObjectNameColumn" value="false"/>
                                        
                    <Property name="listTopResultSize" value="-1"/>
                                    
                </Control>
                            
            </Controls>
                        
            <DataProviders>
                                
                <DataProvider dataType="list-view" id="list-view_id_1218"/>
                            
            </DataProviders>
                        
            <Presentation type="list"/>
                    
        </ViewDef>
                
        <ViewDef id="8db9cf3e-bd94-4b44-9ba3-499716de0296">
                        
            <Title>VMignite.com - text Below Windows 2012 (winchk)</Title>
                        
            <Description/>
                        
            <Usage>dashboard</Usage>
                        
            <Usage>report</Usage>
                        
            <Usage>content</Usage>
                        
            <Controls>
                                
                <Control id="time-interval-selector_id_1201" type="time-interval-selector" visible="false">
                                        
                    <Property name="advancedTimeMode" value="false"/>
                                        
                    <Property name="unit" value="DAYS"/>
                                        
                    <Property name="count" value="7"/>
                                    
                </Control>
                            
            </Controls>
                        
            <Presentation type="text">
                                
                <Properties>
                                        
                    <Property name="text" value="&lt;font color=&quot;#00ffff&quot; size=&quot;6&quot; style=&quot;background-color: rgb(0, 0, 0);&quot;&gt;&lt;span style=&quot;background-color: rgb(255, 0, 0);&quot;&gt;&lt;b&gt;&amp;nbsp;&lt;font color=&quot;000000&quot;&gt;Windows Server 2012 and below&lt;/font&gt;&amp;nbsp;&amp;nbsp;&lt;/b&gt; &lt;/span&gt;&lt;br&gt;&lt;/font&gt;"/>
                                    
                </Properties>
                            
            </Presentation>
                    
        </ViewDef>
                
        <ViewDef id="88cf02e2-30c7-4434-8d47-a05d7c8672bb">
                        
            <Title>VMignite.com - VMs &gt; Windows 2008 (winchk)</Title>
                        
            <Description/>
                        
            <SubjectType adapterKind="VMWARE" filter="[[{&quot;condition&quot;:&quot;CONTAINS&quot;,&quot;transform&quot;:&quot;CURRENT&quot;,&quot;metricKey&quot;:&quot;config|guestFullName&quot;,&quot;metricValue&quot;:{&quot;isStringMetric&quot;:true,&quot;value&quot;:&quot;Microsoft Windows Server 2016 or later&quot;},&quot;filterType&quot;:&quot;properties&quot;}],[{&quot;condition&quot;:&quot;CONTAINS&quot;,&quot;transform&quot;:&quot;CURRENT&quot;,&quot;metricKey&quot;:&quot;config|guestFullName&quot;,&quot;metricValue&quot;:{&quot;isStringMetric&quot;:true,&quot;value&quot;:&quot;Microsoft Windows Server 202&quot;},&quot;filterType&quot;:&quot;properties&quot;}],[{&quot;condition&quot;:&quot;CONTAINS&quot;,&quot;transform&quot;:&quot;CURRENT&quot;,&quot;metricKey&quot;:&quot;config|guestFullName&quot;,&quot;metricValue&quot;:{&quot;isStringMetric&quot;:true,&quot;value&quot;:&quot;Microsoft Windows Server 2019&quot;},&quot;filterType&quot;:&quot;properties&quot;}]]" resourceKind="VirtualMachine" type="descendant"/>
                        
            <SubjectType adapterKind="VMWARE" filter="[[{&quot;condition&quot;:&quot;CONTAINS&quot;,&quot;transform&quot;:&quot;CURRENT&quot;,&quot;metricKey&quot;:&quot;config|guestFullName&quot;,&quot;metricValue&quot;:{&quot;isStringMetric&quot;:true,&quot;value&quot;:&quot;Microsoft Windows Server 2016 or later&quot;},&quot;filterType&quot;:&quot;properties&quot;}],[{&quot;condition&quot;:&quot;CONTAINS&quot;,&quot;transform&quot;:&quot;CURRENT&quot;,&quot;metricKey&quot;:&quot;config|guestFullName&quot;,&quot;metricValue&quot;:{&quot;isStringMetric&quot;:true,&quot;value&quot;:&quot;Microsoft Windows Server 202&quot;},&quot;filterType&quot;:&quot;properties&quot;}],[{&quot;condition&quot;:&quot;CONTAINS&quot;,&quot;transform&quot;:&quot;CURRENT&quot;,&quot;metricKey&quot;:&quot;config|guestFullName&quot;,&quot;metricValue&quot;:{&quot;isStringMetric&quot;:true,&quot;value&quot;:&quot;Microsoft Windows Server 2019&quot;},&quot;filterType&quot;:&quot;properties&quot;}]]" resourceKind="VirtualMachine" type="self"/>
                        
            <Usage>dashboard</Usage>
                        
            <Usage>report</Usage>
                        
            <Usage>details</Usage>
                        
            <Usage>content</Usage>
                        
            <Controls>
                                
                <Control id="time-interval-selector_id_1244" type="time-interval-selector" visible="false">
                                        
                    <Property name="advancedTimeMode" value="false"/>
                                        
                    <Property name="unit" value="DAYS"/>
                                        
                    <Property name="count" value="7"/>
                                    
                </Control>
                                
                <Control id="attributes-selector_id_1245" type="attributes-selector" visible="false">
                                        
                    <Property name="attributeInfos">
                                                
                        <List>
                                                        
                            <Item>
                                
                                <Value>
                                        
                                    <Property name="objectType" value="RESOURCE"/>
                                        
                                    <Property name="attributeKey" value="summary|runtime|powerState"/>
                                        
                                    <Property name="id" value="extModel10095-9"/>
                                        
                                    <Property name="isStringAttribute" value="true"/>
                                        
                                    <Property name="adapterKind" value="VMWARE"/>
                                        
                                    <Property name="resourceKind" value="VirtualMachine"/>
                                        
                                    <Property name="rollUpType" value="AVG"/>
                                        
                                    <Property name="rollUpCount" value="0"/>
                                        
                                    <Property name="transformations">
                                                
                                        <List>
                                                        
                                            <Item value="CURRENT"/>
                                                    
                                        </List>
                                            
                                    </Property>
                                        
                                    <Property name="sortCriteria" value="false"/>
                                        
                                    <Property name="isProperty" value="true"/>
                                        
                                    <Property name="yellowBound" value="Powered Off"/>
                                        
                                    <Property name="orangeBound" value="Powered Off"/>
                                        
                                    <Property name="redBound" value="Powered Off"/>
                                        
                                    <Property name="ascendingRange" value="true"/>
                                        
                                    <Property name="displayName" value="Power State"/>
                                        
                                    <Property name="addTimestampAsColumn" value="false"/>
                                        
                                    <Property name="isShowRelativeTimestamp" value="false"/>
                                    
                                </Value>
                                                            
                            </Item>
                                                        
                            <Item>
                                
                                <Value>
                                        
                                    <Property name="objectType" value="RESOURCE"/>
                                        
                                    <Property name="attributeKey" value="config|guestFullName"/>
                                        
                                    <Property name="id" value="extModel11431-7"/>
                                        
                                    <Property name="isStringAttribute" value="true"/>
                                        
                                    <Property name="adapterKind" value="VMWARE"/>
                                        
                                    <Property name="resourceKind" value="VirtualMachine"/>
                                        
                                    <Property name="rollUpCount" value="0"/>
                                        
                                    <Property name="transformations">
                                                
                                        <List>
                                                        
                                            <Item value="CURRENT"/>
                                                    
                                        </List>
                                            
                                    </Property>
                                        
                                    <Property name="sortCriteria" value="true"/>
                                        
                                    <Property name="isProperty" value="true"/>
                                        
                                    <Property name="displayName" value="Operating System"/>
                                        
                                    <Property name="addTimestampAsColumn" value="false"/>
                                        
                                    <Property name="isShowRelativeTimestamp" value="false"/>
                                    
                                </Value>
                                                            
                            </Item>
                                                        
                            <Item>
                                
                                <Value>
                                        
                                    <Property name="objectType" value="RESOURCE"/>
                                        
                                    <Property name="attributeKey" value="net:4000|ip_address"/>
                                        
                                    <Property name="id" value="extModel8300-1"/>
                                        
                                    <Property name="isStringAttribute" value="true"/>
                                        
                                    <Property name="adapterKind" value="VMWARE"/>
                                        
                                    <Property name="resourceKind" value="VirtualMachine"/>
                                        
                                    <Property name="rollUpCount" value="0"/>
                                        
                                    <Property name="transformations">
                                                
                                        <List>
                                                        
                                            <Item value="CURRENT"/>
                                                    
                                        </List>
                                            
                                    </Property>
                                        
                                    <Property name="isProperty" value="true"/>
                                        
                                    <Property name="displayName" value="IP Address"/>
                                        
                                    <Property name="addTimestampAsColumn" value="false"/>
                                        
                                    <Property name="isShowRelativeTimestamp" value="false"/>
                                    
                                </Value>
                                                            
                            </Item>
                                                        
                            <Item>
                                
                                <Value>
                                        
                                    <Property name="objectType" value="RESOURCE"/>
                                        
                                    <Property name="attributeKey" value="summary|parentCluster"/>
                                        
                                    <Property name="id" value="extModel8300-9"/>
                                        
                                    <Property name="isStringAttribute" value="true"/>
                                        
                                    <Property name="adapterKind" value="VMWARE"/>
                                        
                                    <Property name="resourceKind" value="VirtualMachine"/>
                                        
                                    <Property name="rollUpCount" value="0"/>
                                        
                                    <Property name="transformations">
                                                
                                        <List>
                                                        
                                            <Item value="CURRENT"/>
                                                    
                                        </List>
                                            
                                    </Property>
                                        
                                    <Property name="isProperty" value="true"/>
                                        
                                    <Property name="displayName" value="Cluster"/>
                                        
                                    <Property name="addTimestampAsColumn" value="false"/>
                                        
                                    <Property name="isShowRelativeTimestamp" value="false"/>
                                    
                                </Value>
                                                            
                            </Item>
                                                        
                            <Item>
                                
                                <Value>
                                        
                                    <Property name="objectType" value="RESOURCE"/>
                                        
                                    <Property name="attributeKey" value="summary|parentHost"/>
                                        
                                    <Property name="id" value="extModel11431-4"/>
                                        
                                    <Property name="isStringAttribute" value="true"/>
                                        
                                    <Property name="adapterKind" value="VMWARE"/>
                                        
                                    <Property name="resourceKind" value="VirtualMachine"/>
                                        
                                    <Property name="rollUpCount" value="0"/>
                                        
                                    <Property name="transformations">
                                                
                                        <List>
                                                        
                                            <Item value="CURRENT"/>
                                                    
                                        </List>
                                            
                                    </Property>
                                        
                                    <Property name="isProperty" value="true"/>
                                        
                                    <Property name="displayName" value="Hosts"/>
                                        
                                    <Property name="addTimestampAsColumn" value="false"/>
                                        
                                    <Property name="isShowRelativeTimestamp" value="false"/>
                                    
                                </Value>
                                                            
                            </Item>
                                                        
                            <Item>
                                
                                <Value>
                                        
                                    <Property name="objectType" value="RESOURCE"/>
                                        
                                    <Property name="attributeKey" value="cpu|corecount_provisioned"/>
                                        
                                    <Property name="id" value="extModel4787-1"/>
                                        
                                    <Property name="preferredUnitId" value="7004"/>
                                        
                                    <Property name="isStringAttribute" value="false"/>
                                        
                                    <Property name="adapterKind" value="VMWARE"/>
                                        
                                    <Property name="resourceKind" value="VirtualMachine"/>
                                        
                                    <Property name="rollUpType" value="NONE"/>
                                        
                                    <Property name="rollUpCount" value="0"/>
                                        
                                    <Property name="transformations">
                                                
                                        <List>
                                                        
                                            <Item value="CURRENT"/>
                                                    
                                        </List>
                                            
                                    </Property>
                                        
                                    <Property name="isProperty" value="false"/>
                                        
                                    <Property name="displayName" value="vCPU"/>
                                        
                                    <Property name="addTimestampAsColumn" value="false"/>
                                        
                                    <Property name="isShowRelativeTimestamp" value="false"/>
                                    
                                </Value>
                                                            
                            </Item>
                                                        
                            <Item>
                                
                                <Value>
                                        
                                    <Property name="objectType" value="RESOURCE"/>
                                        
                                    <Property name="attributeKey" value="mem|guest_provisioned"/>
                                        
                                    <Property name="id" value="extModel8300-4"/>
                                        
                                    <Property name="preferredUnitId" value="gb"/>
                                        
                                    <Property name="isStringAttribute" value="false"/>
                                        
                                    <Property name="adapterKind" value="VMWARE"/>
                                        
                                    <Property name="resourceKind" value="VirtualMachine"/>
                                        
                                    <Property name="rollUpType" value="NONE"/>
                                        
                                    <Property name="rollUpCount" value="0"/>
                                        
                                    <Property name="transformations">
                                                
                                        <List>
                                                        
                                            <Item value="CURRENT"/>
                                                    
                                        </List>
                                            
                                    </Property>
                                        
                                    <Property name="isProperty" value="false"/>
                                        
                                    <Property name="displayName" value="Total Memory"/>
                                        
                                    <Property name="addTimestampAsColumn" value="false"/>
                                        
                                    <Property name="isShowRelativeTimestamp" value="false"/>
                                    
                                </Value>
                                                            
                            </Item>
                                                        
                            <Item>
                                
                                <Value>
                                        
                                    <Property name="objectType" value="RESOURCE"/>
                                        
                                    <Property name="attributeKey" value="guestfilesystem|capacity_total"/>
                                        
                                    <Property name="id" value="extModel8300-5"/>
                                        
                                    <Property name="preferredUnitId" value="gb"/>
                                        
                                    <Property name="isStringAttribute" value="false"/>
                                        
                                    <Property name="adapterKind" value="VMWARE"/>
                                        
                                    <Property name="resourceKind" value="VirtualMachine"/>
                                        
                                    <Property name="rollUpType" value="NONE"/>
                                        
                                    <Property name="rollUpCount" value="0"/>
                                        
                                    <Property name="transformations">
                                                
                                        <List>
                                                        
                                            <Item value="CURRENT"/>
                                                    
                                        </List>
                                            
                                    </Property>
                                        
                                    <Property name="isProperty" value="false"/>
                                        
                                    <Property name="displayName" value="Total Disk"/>
                                    
                                </Value>
                                                            
                            </Item>
                                                        
                            <Item>
                                
                                <Value>
                                        
                                    <Property name="objectType" value="RESOURCE"/>
                                        
                                    <Property name="attributeKey" value="summary|datastore"/>
                                        
                                    <Property name="id" value="extModel11431-3"/>
                                        
                                    <Property name="isStringAttribute" value="true"/>
                                        
                                    <Property name="adapterKind" value="VMWARE"/>
                                        
                                    <Property name="resourceKind" value="VirtualMachine"/>
                                        
                                    <Property name="rollUpCount" value="0"/>
                                        
                                    <Property name="transformations">
                                                
                                        <List>
                                                        
                                            <Item value="CURRENT"/>
                                                    
                                        </List>
                                            
                                    </Property>
                                        
                                    <Property name="isProperty" value="true"/>
                                        
                                    <Property name="displayName" value="Datastore"/>
                                        
                                    <Property name="addTimestampAsColumn" value="false"/>
                                        
                                    <Property name="isShowRelativeTimestamp" value="false"/>
                                    
                                </Value>
                                                            
                            </Item>
                                                        
                            <Item>
                                
                                <Value>
                                        
                                    <Property name="objectType" value="RESOURCE"/>
                                        
                                    <Property name="attributeKey" value="summary|guest|toolsVersion"/>
                                        
                                    <Property name="id" value="extModel11431-5"/>
                                        
                                    <Property name="isStringAttribute" value="true"/>
                                        
                                    <Property name="adapterKind" value="VMWARE"/>
                                        
                                    <Property name="resourceKind" value="VirtualMachine"/>
                                        
                                    <Property name="rollUpCount" value="0"/>
                                        
                                    <Property name="transformations">
                                                
                                        <List>
                                                        
                                            <Item value="CURRENT"/>
                                                    
                                        </List>
                                            
                                    </Property>
                                        
                                    <Property name="isProperty" value="true"/>
                                        
                                    <Property name="displayName" value="VMTools Version"/>
                                        
                                    <Property name="addTimestampAsColumn" value="false"/>
                                        
                                    <Property name="isShowRelativeTimestamp" value="false"/>
                                    
                                </Value>
                                                            
                            </Item>
                                                        
                            <Item>
                                
                                <Value>
                                        
                                    <Property name="objectType" value="RESOURCE"/>
                                        
                                    <Property name="attributeKey" value="config|version"/>
                                        
                                    <Property name="id" value="extModel11431-6"/>
                                        
                                    <Property name="isStringAttribute" value="true"/>
                                        
                                    <Property name="adapterKind" value="VMWARE"/>
                                        
                                    <Property name="resourceKind" value="VirtualMachine"/>
                                        
                                    <Property name="rollUpCount" value="0"/>
                                        
                                    <Property name="transformations">
                                                
                                        <List>
                                                        
                                            <Item value="CURRENT"/>
                                                    
                                        </List>
                                            
                                    </Property>
                                        
                                    <Property name="isProperty" value="true"/>
                                        
                                    <Property name="displayName" value="VM Version"/>
                                        
                                    <Property name="addTimestampAsColumn" value="false"/>
                                        
                                    <Property name="isShowRelativeTimestamp" value="false"/>
                                    
                                </Value>
                                                            
                            </Item>
                                                    
                        </List>
                                            
                    </Property>
                                        
                    <Property name="summaryInfos">
                                                
                        <List>
                                                        
                            <Item>
                                
                                <Value>
                                        
                                    <Property name="displayName" value="Total"/>
                                        
                                    <Property name="aggregation" value="SUM"/>
                                        
                                    <Property name="attributeIndexes">
                                                
                                        <List>
                                                        
                                            <Item value="1"/>
                                                        
                                            <Item value="4"/>
                                                        
                                            <Item value="5"/>
                                                        
                                            <Item value="6"/>
                                                        
                                            <Item value="7"/>
                                                        
                                            <Item value="8"/>
                                                        
                                            <Item value="9"/>
                                                        
                                            <Item value="10"/>
                                                    
                                        </List>
                                            
                                    </Property>
                                    
                                </Value>
                                                            
                            </Item>
                                                        
                            <Item>
                                
                                <Value>
                                        
                                    <Property name="displayName" value="Average"/>
                                        
                                    <Property name="aggregation" value="AVG"/>
                                        
                                    <Property name="attributeIndexes">
                                                
                                        <List>
                                                        
                                            <Item value="1"/>
                                                        
                                            <Item value="4"/>
                                                        
                                            <Item value="5"/>
                                                        
                                            <Item value="6"/>
                                                        
                                            <Item value="7"/>
                                                        
                                            <Item value="8"/>
                                                        
                                            <Item value="9"/>
                                                        
                                            <Item value="10"/>
                                                    
                                        </List>
                                            
                                    </Property>
                                    
                                </Value>
                                                            
                            </Item>
                                                    
                        </List>
                                            
                    </Property>
                                    
                </Control>
                                
                <Control id="pagination-control_id_1246" type="pagination-control" visible="true">
                                        
                    <Property name="start" value="0"/>
                                        
                    <Property name="size" value="1000"/>
                                    
                </Control>
                                
                <Control id="metadata_id_1247" type="metadata" visible="false">
                                        
                    <Property name="maxPointsCount" value="5000"/>
                                        
                    <Property name="distributionColor" value="6870C4"/>
                                        
                    <Property name="hideObjectNameColumn" value="false"/>
                                        
                    <Property name="listTopResultSize" value="-1"/>
                                    
                </Control>
                            
            </Controls>
                        
            <DataProviders>
                                
                <DataProvider dataType="list-view" id="list-view_id_1243"/>
                            
            </DataProviders>
                        
            <Presentation type="list"/>
                    
        </ViewDef>
            
    </Views>
    
</Content>
