{
   "entries": {
      "resourceKind": [
         {
            "resourceKindKey": "Datacenter",
            "internalId": "resourceKind:id:3_::_",
            "adapterKindKey": "VMWARE"
         },
         {
            "resourceKindKey": "VMwareAdapter Instance",
            "internalId": "resourceKind:id:1_::_",
            "adapterKindKey": "VMWARE"
         },
         {
            "resourceKindKey": "ClusterComputeResource",
            "internalId": "resourceKind:id:2_::_",
            "adapterKindKey": "VMWARE"
         },
         {
            "resourceKindKey": "vSphere World",
            "internalId": "resourceKind:id:0_::_",
            "adapterKindKey": "VMWARE"
         }
      ],
      "resource": [{
         "resourceKindKey": "vSphere World",
         "internalId": "resource:id:0_::_",
         "adapterKindKey": "VMWARE",
         "identifiers": [],
         "name": "vSphere World"
      }]
   },
   "dashboards": [{
      "autoswitchTabId": "null",
      "shared": true,
      "temporary": false,
      "hidden": false,
      "creationTime": 1630510992654,
      "autoswitchEnabled": false,
      "importAttempts": 0,
      "columnProportion": "1-1",
      "importComplete": true,
      "description": "",
      "widgets": [
         {
            "collapsed": false,
            "id": "ad942d62-b7d2-4de0-9ecc-f3d249bc1393",
            "gridsterCoords": {
               "w": 6,
               "x": 1,
               "h": 6,
               "y": 1
            },
            "type": "ResourceList",
            "title": "Select an Environment",
            "config": {
               "refreshInterval": 300,
               "resource": [],
               "refreshContent": {"refreshContent": false},
               "relationshipMode": {"relationshipMode": 0},
               "additionalColumns": [{
                  "boxLabel": "Total VMs",
                  "metricName": "Summary|Total Number of VMs",
                  "metricKey": "summary|total_number_vms",
                  "resourceKindId": "resourceKind:id:1_::_"
               }],
               "title": "Select an Environment",
               "mode": "all",
               "filterMode": "tagPicker",
               "tagFilter": {
                  "path": [
                     "/source/kind/kind:resourceKind:id:0_::_",
                     "/source/kind/kind:resourceKind:id:1_::_",
                     "/source/kind/kind:resourceKind:id:2_::_",
                     "/source/kind/kind:resourceKind:id:3_::_"
                  ],
                  "value": {
                     "bus": [],
                     "adapterKind": [],
                     "kind": [
                        "resourceKind:id:0_::_",
                        "resourceKind:id:1_::_",
                        "resourceKind:id:2_::_",
                        "resourceKind:id:3_::_"
                     ],
                     "exclaim": false,
                     "healthRange": [],
                     "maintenanceSchedule": [],
                     "adapterInstance": [],
                     "collector": [],
                     "tier": [],
                     "state": [],
                     "tag": [],
                     "day": [],
                     "status": []
                  }
               },
               "depth": 1,
               "customFilter": {
                  "filter": [],
                  "excludedResources": null,
                  "includedResources": null
               },
               "selectFirstRow": {"selectFirstRow": false},
               "selfProvider": {"selfProvider": false}
            },
            "height": 324,
            "states": [{
               "value": "o%3Acolumns%3Da%253Ao%25253Aid%25253Ds%2525253Ah1%25255Ehidden%25253Db%2525253A1%25255Ewidth%25253Dn%2525253A100%255Eo%25253Aid%25253Ds%2525253Ah2%255Eo%25253Aid%25253Ds%2525253Ah3%25255Ehidden%25253Db%2525253A1%25255Ewidth%25253Dn%2525253A100%255Eo%25253Aid%25253Ds%2525253Ah4%25255Ehidden%25253Db%2525253A1%255Eo%25253Aid%25253Ds%2525253Ah5%25255Ehidden%25253Db%2525253A0%25255Ewidth%25253Dn%2525253A196%255Eo%25253Aid%25253Ds%2525253Ah6%25255Ehidden%25253Db%2525253A1%255Eo%25253Aid%25253Ds%2525253Ah7%25255Ehidden%25253Db%2525253A1%25255Ewidth%25253Dn%2525253A100%255Eo%25253Aid%25253Ds%2525253Ah8%25255Ehidden%25253Db%2525253A1%25255Ewidth%25253Dn%2525253A100%255Eo%25253Aid%25253Ds%2525253Ah9%25255Ehidden%25253Db%2525253A1%25255Ewidth%25253Dn%2525253A100%255Eo%25253Aid%25253Ds%2525253Ah10%25255Ehidden%25253Db%2525253A1%25255Ewidth%25253Dn%2525253A100%255Eo%25253Aid%25253Ds%2525253Ah11%25255Ehidden%25253Db%2525253A1%25255Ewidth%25253Dn%2525253A100%255Eo%25253Aid%25253Ds%2525253Ah12%25255Ehidden%25253Db%2525253A1%25255Ewidth%25253Dn%2525253A100%255Eo%25253Aid%25253Ds%2525253Ah13%25255Ehidden%25253Db%2525253A1%25255Ewidth%25253Dn%2525253A100%255Eo%25253Aid%25253Ds%2525253Ah14%25255Ehidden%25253Db%2525253A1%255Eo%25253Aid%25253Ds%2525253Ah15%25255Ehidden%25253Db%2525253A1%255Eo%25253Aid%25253Ds%2525253Ah16%25255Ehidden%25253Db%2525253A1%25255Ewidth%25253Dn%2525253A100%255Eo%25253Aid%25253Ds%2525253AresourceRating%25255Ehidden%25253Db%2525253A1%255Eo%25253Aid%25253Ds%2525253Ah18%25255Ehidden%25253Db%2525253A0%25255Ewidth%25253Dn%2525253A140%255Eo%25253Aid%25253Ds%2525253Ah19%25255Ehidden%25253Db%2525253A1%25255Ewidth%25253Dn%2525253A100%255Eo%25253Aid%25253Ds%2525253Ah20%25255Ehidden%25253Db%2525253A1%25255Ewidth%25253Dn%2525253A100%255Eo%25253Aid%25253Ds%2525253Ah21%25255Ehidden%25253Db%2525253A1%25255Ewidth%25253Dn%2525253A100%255Eo%25253Aid%25253Ds%2525253Ah22%25255Ehidden%25253Db%2525253A1%25255Ewidth%25253Dn%2525253A100%255Eo%25253Aid%25253Ds%2525253Ah23%25255Ehidden%25253Db%2525253A1%25255Ewidth%25253Dn%2525253A100%255Eo%25253Aid%25253Ds%2525253Ah24%25255Ehidden%25253Db%2525253A1%25255Ewidth%25253Dn%2525253A100%255Eo%25253Aid%25253Ds%2525253Ah25%25255Ehidden%25253Db%2525253A1%25255Ewidth%25253Dn%2525253A100%255Eo%25253Aid%25253Ds%2525253Ah26%25255Ehidden%25253Db%2525253A1%25255Ewidth%25253Dn%2525253A100%255Eo%25253Aid%25253Ds%2525253Ah27%25255Ehidden%25253Db%2525253A1%25255Ewidth%25253Dn%2525253A100%255Eo%25253Aid%25253Ds%2525253Ah28%25255Ehidden%25253Db%2525253A1%25255Ewidth%25253Dn%2525253A100%255Eo%25253Aid%25253Ds%2525253Ah29%25255Ehidden%25253Db%2525253A1%25255Ewidth%25253Dn%2525253A100%255Eo%25253Aid%25253Ds%2525253Ah30%25255Ehidden%25253Db%2525253A1%25255Ewidth%25253Dn%2525253A100%255Eo%25253Aid%25253Ds%2525253Ah31%25255Ehidden%25253Db%2525253A1%25255Ewidth%25253Dn%2525253A100%255Eo%25253Aid%25253Ds%2525253Ah32%25255Ehidden%25253Db%2525253A1%25255Ewidth%25253Dn%2525253A100%255Eo%25253Aid%25253Ds%2525253Ah33%25255Ehidden%25253Db%2525253A1%25255Ewidth%25253Dn%2525253A100%255Eo%25253Aid%25253Ds%2525253Ah34%25255Ehidden%25253Db%2525253A1%25255Ewidth%25253Dn%2525253A100%255Eo%25253Aid%25253Ds%2525253Ah35%25255Ehidden%25253Db%2525253A1%25255Ewidth%25253Dn%2525253A100%255Eo%25253Aid%25253Ds%2525253Ah36%25255Ehidden%25253Db%2525253A1%25255Ewidth%25253Dn%2525253A100%255Eo%25253Aid%25253Ds%2525253Ah37%25255Ehidden%25253Db%2525253A1%25255Ewidth%25253Dn%2525253A100%255Eo%25253Aid%25253Ds%2525253Ah38%25255Ehidden%25253Db%2525253A1%25255Ewidth%25253Dn%2525253A100%255Eo%25253Aid%25253Ds%2525253Ah39%25255Ehidden%25253Db%2525253A1%25255Ewidth%25253Dn%2525253A100%255Eo%25253Aid%25253Ds%2525253Ah40%25255Ehidden%25253Db%2525253A1%25255Ewidth%25253Dn%2525253A100%255Eo%25253Aid%25253Ds%2525253Ah41%25255Ehidden%25253Db%2525253A1%25255Ewidth%25253Dn%2525253A100%255Eo%25253Aid%25253Ds%2525253Ah42%25255Ehidden%25253Db%2525253A1%25255Ewidth%25253Dn%2525253A100%255Eo%25253Aid%25253Ds%2525253Ah43%25255Ehidden%25253Db%2525253A1%25255Ewidth%25253Dn%2525253A100%255Eo%25253Aid%25253Ds%2525253Ah44%25255Ehidden%25253Db%2525253A1%25255Ewidth%25253Dn%2525253A100%255Eo%25253Aid%25253Ds%2525253Ah45%25255Ehidden%25253Db%2525253A1%25255Ewidth%25253Dn%2525253A100%255Eo%25253Aid%25253Ds%2525253Ah46%25255Ehidden%25253Db%2525253A1%25255Ewidth%25253Dn%2525253A100%255Eo%25253Aid%25253Ds%2525253Ah47%25255Ehidden%25253Db%2525253A1%25255Ewidth%25253Dn%2525253A100%5EstoreState%3Do%253Asorters%253Da%25253Ao%2525253Aroot%2525253Ds%252525253Adata%2525255Eproperty%2525253Ds%252525253AmetricValue_%252525253A%252525253A_summary%252525257Ctotal_number_vms%2525255Edirection%2525253Ds%252525253ADESC%2525255Eid%2525253Ds%252525253AmetricValue_%252525253A%252525253A_summary%252525257Ctotal_number_vms",
               "key": "permResGrid_widget_7a475bd0-085d-4c84-9e3c-b6c14ab9423f_ad942d62-b7d2-4de0-9ecc-f3d249bc1393"
            }]
         },
         {
            "collapsed": false,
            "id": "9511fb95-1ffb-454b-9dd7-042ed96b954b",
            "gridsterCoords": {
               "w": 6,
               "x": 7,
               "h": 6,
               "y": 1
            },
            "type": "View",
            "title": "Windows Server Breakdown",
            "config": {
               "refreshInterval": 300,
               "resource": null,
               "traversalSpecId": "",
               "refreshContent": {"refreshContent": false},
               "isUpdatedView": true,
               "chartViewItems": ["labels"],
               "selectFirstRow": {"selectFirstRow": false},
               "selfProvider": {"selfProvider": false},
               "title": "Windows Server Breakdown",
               "viewDefinitionId": "241e19e1-9ee4-4f33-b806-f9866e898e22"
            },
            "height": 324,
            "states": [
               {
                  "value": "b%3A0",
                  "key": "perm_isDashboardTime_widget_7a475bd0-085d-4c84-9e3c-b6c14ab9423f_9511fb95-1ffb-454b-9dd7-042ed96b954b"
               },
               {
                  "value": "b%3A1",
                  "key": "perm_toolbarVisible_widget_7a475bd0-085d-4c84-9e3c-b6c14ab9423f_9511fb95-1ffb-454b-9dd7-042ed96b954b"
               }
            ]
         },
         {
            "collapsed": false,
            "id": "75d48009-ec6d-48cb-85c2-d7b3affc2d85",
            "gridsterCoords": {
               "w": 6,
               "x": 1,
               "h": 2,
               "y": 7
            },
            "type": "View",
            "title": "*",
            "config": {
               "refreshInterval": 300,
               "resource": {
                  "resourceId": "resource:id:0_::_",
                  "traversalSpecId": "",
                  "resourceName": "vSphere World",
                  "resourceKindId": "002006VMWAREvSphere World",
                  "id": "Ext.vcops.chrome.model.Resource-261"
               },
               "traversalSpecId": null,
               "refreshContent": {"refreshContent": false},
               "isUpdatedView": true,
               "chartViewItems": [],
               "selectFirstRow": {"selectFirstRow": false},
               "selfProvider": {"selfProvider": true},
               "title": "*",
               "viewDefinitionId": "3fa9f05a-0c77-4ee7-9ffc-07fe11e2073e"
            },
            "height": 96,
            "states": [{
               "value": "b%3A0",
               "key": "perm_isDashboardTime_widget_7a475bd0-085d-4c84-9e3c-b6c14ab9423f_75d48009-ec6d-48cb-85c2-d7b3affc2d85"
            }]
         },
         {
            "collapsed": false,
            "id": "8be6305b-d11f-46b6-9967-c9d187bba490",
            "gridsterCoords": {
               "w": 6,
               "x": 7,
               "h": 2,
               "y": 7
            },
            "type": "View",
            "title": "*",
            "config": {
               "refreshInterval": 300,
               "resource": {
                  "resourceId": "resource:id:0_::_",
                  "traversalSpecId": "",
                  "resourceName": "vSphere World",
                  "resourceKindId": "002006VMWAREvSphere World",
                  "id": "Ext.vcops.chrome.model.Resource-265"
               },
               "traversalSpecId": null,
               "refreshContent": {"refreshContent": false},
               "isUpdatedView": true,
               "chartViewItems": [],
               "selectFirstRow": {"selectFirstRow": false},
               "selfProvider": {"selfProvider": true},
               "title": "*",
               "viewDefinitionId": "8db9cf3e-bd94-4b44-9ba3-499716de0296"
            },
            "height": 96,
            "states": [{
               "value": "b%3A0",
               "key": "perm_isDashboardTime_widget_7a475bd0-085d-4c84-9e3c-b6c14ab9423f_8be6305b-d11f-46b6-9967-c9d187bba490"
            }]
         },
         {
            "collapsed": false,
            "id": "e683fe75-ab47-48f5-a8ee-c937540d4d0c",
            "gridsterCoords": {
               "w": 6,
               "x": 1,
               "h": 5,
               "y": 9
            },
            "type": "View",
            "title": "Windows Server 2016 and Above",
            "config": {
               "refreshInterval": 300,
               "resource": null,
               "traversalSpecId": "",
               "refreshContent": {"refreshContent": false},
               "isUpdatedView": true,
               "chartViewItems": [],
               "selectFirstRow": {"selectFirstRow": false},
               "selfProvider": {"selfProvider": false},
               "title": "Windows Server 2016 and Above",
               "viewDefinitionId": "88cf02e2-30c7-4434-8d47-a05d7c8672bb"
            },
            "height": 267,
            "states": [{
               "value": "b%3A0",
               "key": "perm_isDashboardTime_widget_7a475bd0-085d-4c84-9e3c-b6c14ab9423f_e683fe75-ab47-48f5-a8ee-c937540d4d0c"
            }]
         },
         {
            "collapsed": false,
            "id": "058cc891-14f1-40da-981e-d919ee8cfec6",
            "gridsterCoords": {
               "w": 6,
               "x": 7,
               "h": 5,
               "y": 9
            },
            "type": "View",
            "title": "Windows Server 2012 and below (2012 Unsupported after October 2023)",
            "config": {
               "refreshInterval": 300,
               "resource": null,
               "traversalSpecId": "",
               "refreshContent": {"refreshContent": false},
               "isUpdatedView": true,
               "chartViewItems": [],
               "selectFirstRow": {"selectFirstRow": false},
               "selfProvider": {"selfProvider": false},
               "title": "Windows Server 2012 and below (2012 Unsupported after October 2023)",
               "viewDefinitionId": "7bc5c9eb-6fd2-450d-9770-55516b2e756c"
            },
            "height": 267,
            "states": [{
               "value": "b%3A0",
               "key": "perm_isDashboardTime_widget_7a475bd0-085d-4c84-9e3c-b6c14ab9423f_058cc891-14f1-40da-981e-d919ee8cfec6"
            }]
         }
      ],
      "states": [],
      "homeTab": false,
      "rank": 0,
      "disabled": false,
      "id": "7a475bd0-085d-4c84-9e3c-b6c14ab9423f",
      "locked": false,
      "dashboardNavigations": {},
      "widgetInteractions": [
         {
            "widgetIdProvider": "ad942d62-b7d2-4de0-9ecc-f3d249bc1393",
            "type": "resourceId",
            "widgetIdReceiver": "e683fe75-ab47-48f5-a8ee-c937540d4d0c"
         },
         {
            "widgetIdProvider": "ad942d62-b7d2-4de0-9ecc-f3d249bc1393",
            "type": "resourceId",
            "widgetIdReceiver": "058cc891-14f1-40da-981e-d919ee8cfec6"
         },
         {
            "widgetIdProvider": "ad942d62-b7d2-4de0-9ecc-f3d249bc1393",
            "type": "resourceId",
            "widgetIdReceiver": "9511fb95-1ffb-454b-9dd7-042ed96b954b"
         }
      ],
      "lastUpdateUserId": "997b53f9-2cf0-4515-b37f-0587f7b6cba8",
      "columnCount": 1,
      "userId": "997b53f9-2cf0-4515-b37f-0587f7b6cba8",
      "autoswitchDelay": 300,
      "name": "VMignite.com - Windows Server Checker 24.02",
      "gridsterMaxColumns": 12,
      "lastUpdateTime": 1707860471779
   }],
   "uuid": "80dd9a48-e809-45ef-8df1-1669ec6af92e"
}